epoch,train_loss,val_loss,val_acc,lr
1,0.5078750337401656,0.38371092960752984,0.9293393482018635,0.001
2,0.3603686423784631,0.29638850879415884,0.9393060415700494,0.001
3,0.32527315394879047,0.31280747462024605,0.9401576794974493,0.001
4,0.299515098662333,0.22848660585736438,0.9392470171592394,0.001
5,0.2745139076594387,0.3681254892728397,0.9145242210885788,0.001
6,0.25808967886277234,0.3567085056166418,0.9063704203381255,0.001
7,0.2423162049915367,0.40726561692981406,0.889464142670433,0.001
